[
  {
    "name": "STN Solutions, INC",
    "website": "http://www.stnsolutions.com",
    "city": "San Diego",
    "state": "California"
  },
  {
    "name": "Attra, a Synechron Company",
    "website": "http://www.attra.com",
    "city": "Box Hill",
    "state": "Victoria"
  },
  {
    "name": "FirstWatch",
    "website": "http://www.firstwatch.net",
    "city": "Carlsbad",
    "state": "California"
  },
  {
    "name": "Bay Reprographic & Supply Inc",
    "website": "http://www.bayplotter.com",
    "city": "Redwood City",
    "state": "California"
  },
  {
    "name": "CipherEx",
    "website": "http://www.cipherex.com",
    "city": "San Ramon",
    "state": "California"
  },
  {
    "name": "MyCircles",
    "website": "http://www.mycircles.ca",
    "city": "",
    "state": "California"
  },
  {
    "name": "Demand.io",
    "website": "http://www.demand.io",
    "city": "Los Angeles",
    "state": "California"
  },
  {
    "name": "Taurus Software",
    "website": "http://www.taurus.com",
    "city": "Redwood City",
    "state": "California"
  },
  {
    "name": "Matson & Isom Technology Consulting",
    "website": "http://www.mitcs.com",
    "city": "Chico",
    "state": "California"
  },
  {
    "name": "Cloudious LLC",
    "website": "http://www.cloudious.com",
    "city": "San Jose",
    "state": "California"
  },
  {
    "name": "dotSolved Systems Inc.",
    "website": "http://www.dotsolved.com",
    "city": "Pleasanton",
    "state": "California"
  },
  {
    "name": "Centroid Systems",
    "website": "http://www.centroid.com",
    "city": "Troy",
    "state": "Michigan"
  },
  {
    "name": "Productive Solutions",
    "website": "http://www.productivesolutions.net",
    "city": "Reno",
    "state": "Nevada"
  },
  {
    "name": "Tidokan.com",
    "website": "http://www.peaceofcode.com",
    "city": "San Francisco",
    "state": "California"
  },
  {
    "name": "Source III, Inc.",
    "website": "http://www.sourceiii.com",
    "city": "Olympia",
    "state": "Washington"
  },
  {
    "name": "TSP - The Silicon Partners Inc",
    "website": "http://www.thesiliconpartners.com",
    "city": "Folsom",
    "state": "California"
  },
  {
    "name": "Accounting Micro Systems",
    "website": "http://www.accountingmicro.com",
    "city": "San Francisco",
    "state": "California"
  },
  {
    "name": "Procase Consulting",
    "website": "http://www.procaseconsulting.com",
    "city": "Vaughan",
    "state": "Ontario"
  },
  {
    "name": "Applied CAx",
    "website": "http://www.appliedcax.com",
    "city": "Portland",
    "state": "Oregon"
  },
  {
    "name": "Nicus Software, Inc.",
    "website": "http://www.nicus.com",
    "city": "Roanoke",
    "state": "Virginia"
  },
  {
    "name": "Communication Resources Inc.",
    "website": "http://www.crinj.com",
    "city": "Farmingdale",
    "state": "New Jersey"
  },
  {
    "name": "Hexaview Technologies Inc.",
    "website": "http://www.hexaviewtech.com",
    "city": "New York",
    "state": "New York"
  },
  {
    "name": "Global Science & Technology, Inc",
    "website": "http://www.gst.com",
    "city": "Greenbelt",
    "state": "Maryland"
  },
  {
    "name": "Signiant",
    "website": "http://www.signiant.com",
    "city": "Lexington",
    "state": "Massachusetts"
  },
  {
    "name": "ASAP-Inc.",
    "website": "http://www.asapla.com",
    "city": "Los Angeles",
    "state": "California"
  },
  {
    "name": "Zap",
    "website": "http://www.zapbi.com",
    "city": "Brisbane",
    "state": "Queensland"
  },
  {
    "name": "LMBe Solutions",
    "website": "http://www.lmbesolutions.com",
    "city": "Oakland",
    "state": "California"
  },
  {
    "name": "LLumin, Inc.",
    "website": "http://www.llumin.com",
    "city": "Springfield",
    "state": "Massachusetts"
  },
  {
    "name": "Basileia Consulting Group, LLC",
    "website": "http://www.bcgak.com",
    "city": "MONARCH BAY",
    "state": "California"
  },
  {
    "name": "ITSolutions|Currie",
    "website": "http://www.itscurrie.com",
    "city": "Modesto",
    "state": "California"
  },
  {
    "name": "Cleartelligence",
    "website": "http://www.cleartelligence.com",
    "city": "Newton",
    "state": "Massachusetts"
  },
  {
    "name": "Healthcare Systems Management Group",
    "website": "http://www.healthsystemsinc.com",
    "city": "Orange",
    "state": "California"
  },
  {
    "name": "Interactivism",
    "website": "http://www.interactivism.com",
    "city": "Pasadena",
    "state": "California"
  },
  {
    "name": "KAS Engineering Inc",
    "website": "http://www.kasengineering.com",
    "city": "Santa Monica",
    "state": "California"
  },
  {
    "name": "Running With Scissors",
    "website": "http://www.runningwithscissors.com",
    "city": "Tucson",
    "state": "Arizona"
  },
  {
    "name": "TSG Networks",
    "website": "http://www.tsgnetworks.com",
    "city": "El Cerrito",
    "state": "California"
  },
  {
    "name": "LearningFuze",
    "website": "http://www.learningfuze.com",
    "city": "Irvine",
    "state": "California"
  },
  {
    "name": "Brightidea",
    "website": "http://www.brightidea.com",
    "city": "San Francisco",
    "state": "California"
  },
  {
    "name": "Launchpad Software",
    "website": "http://www.launchpadco.com",
    "city": "Los Angeles",
    "state": "California"
  },
  {
    "name": "Professional Integrations, LLC",
    "website": "http://www.professionalintegrations.com",
    "city": "Tustin",
    "state": "California"
  },
  {
    "name": "Flare",
    "website": "http://www.helloflare.com",
    "city": "San Diego",
    "state": "California"
  },
  {
    "name": "Hiperwall, Inc.",
    "website": "http://www.hiperwall.com",
    "city": "Irvine",
    "state": "California"
  },
  {
    "name": "Technicon",
    "website": "http://www.technicon.com",
    "city": "Oakland",
    "state": "California"
  },
  {
    "name": "TeamLogic IT",
    "website": "http://www.teamlogicit.com",
    "city": "Tampa",
    "state": "Florida"
  },
  {
    "name": "WellStack",
    "website": "http://www.wellstack.ai",
    "city": "Madison",
    "state": "Wisconsin"
  },
  {
    "name": "Shimento, Inc.",
    "website": "http://www.shimento.com",
    "city": "Walnut Creek",
    "state": "California"
  },
  {
    "name": "EPI-USE",
    "website": "http://www.epiuse.com",
    "city": "Singapore",
    "state": ""
  },
  {
    "name": "Mobiry",
    "website": "http://www.mobiry.com",
    "city": "Sunnyvale",
    "state": "California"
  },
  {
    "name": "Brightter Inc.",
    "website": "http://www.brightter.com",
    "city": "San Francisco",
    "state": "California"
  },
  {
    "name": "Aviamedia",
    "website": "http://www.aviamedia.com",
    "city": "Walnut Creek",
    "state": "California"
  },
  {
    "name": "Cars Commerce",
    "website": "http://www.carscommerce.inc",
    "city": "Chicago",
    "state": "Illinois"
  },
  {
    "name": "Cynthia Farren Consulting",
    "website": "http://www.cynthiafarren.com",
    "city": "Walnut Creek",
    "state": "California"
  },
  {
    "name": "Software Services by Scientist.com",
    "website": "http://www.notch8.com",
    "city": "Solana Beach",
    "state": "California"
  },
  {
    "name": "Valenta",
    "website": "http://www.valenta.io",
    "city": "Toronto",
    "state": "Ontario"
  },
  {
    "name": "TopBloc",
    "website": "http://www.topbloc.com",
    "city": "Chicago",
    "state": "Illinois"
  },
  {
    "name": "Fastman",
    "website": "http://www.fastman.com",
    "city": "Newport Beach",
    "state": "California"
  },
  {
    "name": "T2Group",
    "website": "http://www.t2group.com",
    "city": "Torrance",
    "state": "California"
  },
  {
    "name": "Netwoven",
    "website": "http://www.netwoven.com",
    "city": "Pleasanton",
    "state": "California"
  },
  {
    "name": "ViaPlus",
    "website": "http://www.viaplus.com",
    "city": "Carrollton",
    "state": "Texas"
  },
  {
    "name": "ManageAmerica | Property Management Software",
    "website": "http://www.manageamerica.com",
    "city": "West Hollywood",
    "state": "California"
  },
  {
    "name": "TLC Tech, Inc.",
    "website": "http://www.tlctech.com",
    "city": "Sacramento",
    "state": "California"
  },
  {
    "name": "Test Double",
    "website": "http://www.testdouble.com",
    "city": "Westerville",
    "state": "Ohio"
  },
  {
    "name": "Mirketa Inc",
    "website": "http://www.mirketa.com",
    "city": "Dublin",
    "state": "California"
  },
  {
    "name": "WAC Solution Partners",
    "website": "http://www.wacsolutionpartners.com",
    "city": "Northborough",
    "state": "Massachusetts"
  },
  {
    "name": "Global DMS",
    "website": "http://www.globaldms.com",
    "city": "Lansdale",
    "state": "Pennsylvania"
  },
  {
    "name": "Evisions",
    "website": "http://www.evisions.com",
    "city": "Houston",
    "state": "Texas"
  },
  {
    "name": "Originate",
    "website": "http://www.originate.com",
    "city": "Los Angeles",
    "state": "California"
  },
  {
    "name": "ThirdWave Corporation",
    "website": "http://www.thirdwavecorp.com",
    "city": "Los Angeles",
    "state": "California"
  },
  {
    "name": "Anand Systems Inc",
    "website": "http://www.anandsystems.com",
    "city": "Tracy",
    "state": "California"
  },
  {
    "name": "Gemini Solutions Pvt Ltd",
    "website": "http://www.geminisolutions.com",
    "city": "Gurugram",
    "state": "Haryana"
  },
  {
    "name": "Capitol Tech Solutions",
    "website": "http://www.capitoltechsolutions.com",
    "city": "Sacramento",
    "state": "California"
  },
  {
    "name": "Amano",
    "website": "http://www.amano.com",
    "city": "Roseland",
    "state": "New Jersey"
  },
  {
    "name": "Netkiller",
    "website": "http://www.netkiller.com",
    "city": "Palo Alto",
    "state": "California"
  },
  {
    "name": "Baytech Consulting",
    "website": "http://www.baytechconsulting.com",
    "city": "Irvine",
    "state": "California"
  },
  {
    "name": "Caravel | BPM Technology Solutions",
    "website": "http://www.caravel-partners.com",
    "city": "San Francisco",
    "state": "California"
  },
  {
    "name": "EKC",
    "website": "http://www.ekcinc.com",
    "city": "Rosemont",
    "state": "Illinois"
  },
  {
    "name": "Optima",
    "website": "http://www.optimaecm.com",
    "city": "Phoenix",
    "state": "Arizona"
  },
  {
    "name": "Leadfusion",
    "website": "http://www.leadfusion.com",
    "city": "San Diego",
    "state": "California"
  },
  {
    "name": "Schema Networks",
    "website": "http://www.schemanetworks.com",
    "city": "Costa Mesa",
    "state": "California"
  },
  {
    "name": "IT WebSmith, LLC",
    "website": "http://www.itwebsmith.com",
    "city": "Benicia",
    "state": "California"
  },
  {
    "name": "RCI Technologies",
    "website": "http://www.rci-technologies.com",
    "city": "Woodbridge Township",
    "state": "New Jersey"
  },
  {
    "name": "AllSafe IT",
    "website": "http://www.allsafeit.com",
    "city": "Pasadena",
    "state": "California"
  },
  {
    "name": "DATAPLUS Technologies, Inc",
    "website": "http://www.dataplustech.com",
    "city": "South Pasadena",
    "state": "California"
  },
  {
    "name": "Deckspire",
    "website": "http://www.deckspire.com",
    "city": "San Francisco",
    "state": "California"
  },
  {
    "name": "Cypherbridge Systems",
    "website": "http://www.cypherbridge.com",
    "city": "Carlsbad",
    "state": "California"
  },
  {
    "name": "American Office Solutions, LLC",
    "website": "http://www.aoffs.com",
    "city": "Bakersfield",
    "state": "California"
  },
  {
    "name": "GL Solutions- GL Suite Software & Services",
    "website": "http://www.glsolutions.com",
    "city": "Kalispell",
    "state": "Montana"
  },
  {
    "name": "Zemoso Technologies",
    "website": "http://www.zemosolabs.com",
    "city": "Farmers Branch",
    "state": "Texas"
  },
  {
    "name": "Saritasa",
    "website": "http://www.saritasa.com",
    "city": "Newport Beach",
    "state": "California"
  },
  {
    "name": "Litmus7",
    "website": "http://www.litmus7.com",
    "city": "San Francisco",
    "state": "California"
  },
  {
    "name": "ShipERP",
    "website": "http://www.shiperp.com",
    "city": "Long Beach",
    "state": "California"
  },
  {
    "name": "Great Circle Associates, Inc.",
    "website": "http://www.greatcircle.com",
    "city": "Folsom",
    "state": "California"
  },
  {
    "name": "Regents Consulting",
    "website": "http://www.regentsconsulting.com",
    "city": "Raleigh",
    "state": "North Carolina"
  },
  {
    "name": "Greenman IT Support Inc.",
    "website": "http://www.greenmanitsupport.com",
    "city": "San Diego",
    "state": "California"
  },
  {
    "name": "ZINFI Technologies, Inc.",
    "website": "http://www.zinfi.com",
    "city": "Pleasanton",
    "state": "California"
  },
  {
    "name": "Blacksquare LLC",
    "website": "http://www.blacksquare.com",
    "city": "San Francisco",
    "state": "California"
  },
  {
    "name": "Keep IT Simple",
    "website": "http://www.kiscc.com",
    "city": "Fremont",
    "state": "California"
  },
  {
    "name": "Procede Software",
    "website": "http://www.procedesoftware.com",
    "city": "Solana Beach",
    "state": "California"
  },
  {
    "name": "Inspironix, Inc.",
    "website": "http://www.inspironix.com",
    "city": "Sacramento",
    "state": "California"
  },
  {
    "name": "Bird Rock Systems",
    "website": "http://www.birdrockusa.com",
    "city": "San Diego",
    "state": "California"
  },
  {
    "name": "Elysium",
    "website": "http://www.elysium-global.com",
    "city": "Southfield",
    "state": "Michigan"
  },
  {
    "name": "Amick Brown - SAP, Cloud Technologies and Business Intelligence Consulting",
    "website": "http://www.amickbrown.com",
    "city": "San Ramon",
    "state": "California"
  },
  {
    "name": "Acorn Technology Services",
    "website": "http://www.acorntechservices.com",
    "city": "Riverside",
    "state": "California"
  },
  {
    "name": "Mind Fi Technology",
    "website": "http://www.mindfitechnology.net",
    "city": "West Sacramento",
    "state": "California"
  },
  {
    "name": "cFire | c🔥",
    "website": "http://www.c-fire.co",
    "city": "San Rafael",
    "state": "California"
  },
  {
    "name": "OPTISTREAMS, INC.",
    "website": "http://www.optistreams.com",
    "city": "Fresno",
    "state": "California"
  },
  {
    "name": "Golden Flag",
    "website": "http://www.goldenflag.com",
    "city": "Temecula",
    "state": "California"
  },
  {
    "name": "Integrant, Inc.",
    "website": "http://www.integrant.com",
    "city": "San Diego",
    "state": "California"
  },
  {
    "name": "Aaxsys Technology",
    "website": "http://www.aaxsys.com",
    "city": "San Diego",
    "state": "California"
  },
  {
    "name": "Red Banks Consulting, Inc.",
    "website": "http://www.redbanksconsulting.com",
    "city": "San Rafael",
    "state": "California"
  },
  {
    "name": "AmeriTechnology Group, Inc",
    "website": "http://www.ameritechnologygroup.com",
    "city": "Sacramento",
    "state": "California"
  },
  {
    "name": "Futuri",
    "website": "http://www.futurimedia.com",
    "city": "Seven Hills",
    "state": "Ohio"
  },
  {
    "name": "Vhantom, LLC",
    "website": "http://www.vhantom.com",
    "city": "West Menlo Park",
    "state": "California"
  },
  {
    "name": "Select Resources LLC  now Procom Services",
    "website": "http://www.select-resources.com",
    "city": "Grandville",
    "state": "Michigan"
  },
  {
    "name": "⋮IWConnect",
    "website": "http://www.iwconnect.com",
    "city": "Bitola",
    "state": "Municipality of Bitola"
  },
  {
    "name": "LeadFuze",
    "website": "http://www.leadfuze.net",
    "city": "Glendale",
    "state": "Arizona"
  },
  {
    "name": "Blackstone Technology Group",
    "website": "http://www.bstonetech.com",
    "city": "San Francisco",
    "state": "California"
  },
  {
    "name": "Gladstone Computer Services",
    "website": "http://www.gladstonecomputer.com",
    "city": "Santa Clarita",
    "state": "California"
  },
  {
    "name": "Ameravant Web Design Studio & Digital Marketing Agency",
    "website": "http://www.ameravant.com",
    "city": "Santa Barbara",
    "state": "California"
  },
  {
    "name": "Green Lite IT",
    "website": "http://www.greenliteit.com",
    "city": "Los Angeles",
    "state": "California"
  },
  {
    "name": "ALOIS Solutions",
    "website": "http://www.aloissolutions.com",
    "city": "San Francisco",
    "state": "California"
  },
  {
    "name": "California Pomegranate Co.",
    "website": "http://www.gfreefoodie.com",
    "city": "Madera",
    "state": "California"
  },
  {
    "name": "Avayle Solutions Inc",
    "website": "http://www.avayle.com",
    "city": "Fremont",
    "state": "California"
  },
  {
    "name": "Provectus",
    "website": "http://www.provectus.com",
    "city": "Palo Alto",
    "state": "California"
  },
  {
    "name": "Stride",
    "website": "http://www.stride.build",
    "city": "New York",
    "state": "New York"
  },
  {
    "name": "Video Copilot",
    "website": "http://www.videocopilot.net",
    "city": "Lake Elsinore",
    "state": "California"
  },
  {
    "name": "Trade Ideas LLC",
    "website": "http://www.trade-ideas.com",
    "city": "Encinitas",
    "state": "California"
  },
  {
    "name": "Spotline, Inc.",
    "website": "http://www.spotline.com",
    "city": "San Jose",
    "state": "California"
  },
  {
    "name": "PDG Consulting",
    "website": "http://www.pdgc.com",
    "city": "Los Angeles",
    "state": "California"
  },
  {
    "name": "Slemma",
    "website": "http://www.slemma.com",
    "city": "Los Angeles",
    "state": "California"
  },
  {
    "name": "Sunday Business Systems",
    "website": "http://www.sundaybizsys.com",
    "city": "Aptos",
    "state": "California"
  },
  {
    "name": "Bounteous",
    "website": "http://www.bounteous.com",
    "city": "Chicago",
    "state": "Illinois"
  },
  {
    "name": "Virulite LLC",
    "website": "http://www.virulite.global",
    "city": "Costa Mesa",
    "state": "California"
  },
  {
    "name": "GeoWing Mapping Inc.",
    "website": "http://www.geowingmapping.com",
    "city": "Richmond",
    "state": "California"
  },
  {
    "name": "TriZetto Provider Solutions",
    "website": "http://www.trizettoprovider.com",
    "city": "Earth City",
    "state": "Missouri"
  },
  {
    "name": "EZB Solutions",
    "website": "http://www.ezbsolutions.com",
    "city": "Santa Clara",
    "state": "California"
  },
  {
    "name": "The Ksquare Group",
    "website": "http://www.theksquaregroup.com",
    "city": "Irving",
    "state": "Texas"
  },
  {
    "name": "IT System House, a division of Teslarian, Inc.",
    "website": "http://www.itsystemhouse.com",
    "city": "Pasadena",
    "state": "California"
  },
  {
    "name": "Rallio AI",
    "website": "http://www.rallio.com",
    "city": "Irvine",
    "state": "California"
  },
  {
    "name": "SoftClouds",
    "website": "http://www.softclouds.com",
    "city": "San Diego",
    "state": "California"
  },
  {
    "name": "CYCG",
    "website": "http://www.cycg.com",
    "city": "Boise",
    "state": "Idaho"
  },
  {
    "name": "Recurrent Technologies, Inc.",
    "website": "http://www.recurrent.com",
    "city": "San Jose",
    "state": "California"
  },
  {
    "name": "New Eras Media",
    "website": "http://www.neweras.com",
    "city": "Rancho Cordova",
    "state": "California"
  },
  {
    "name": "Secure Smart Office (SSO, Inc.)",
    "website": "http://www.ssowow.com",
    "city": "Ramona",
    "state": "California"
  },
  {
    "name": "Mobotory Technologies, Inc",
    "website": "http://www.mobotory.com",
    "city": "Santa Monica",
    "state": "California"
  },
  {
    "name": "Masra Tech",
    "website": "http://www.masratech.com",
    "city": "Lake Forest",
    "state": "California"
  },
  {
    "name": "RAD International Ltd.",
    "website": "http://www.radintl.com",
    "city": "Mississauga",
    "state": "Ontario"
  },
  {
    "name": "Swenson He",
    "website": "http://www.swensonhe.com",
    "city": "Beverly Hills",
    "state": "California"
  },
  {
    "name": "Point Predictive",
    "website": "http://www.pointpredictive.com",
    "city": "San Diego",
    "state": "California"
  },
  {
    "name": "Kingsmen Digital Ventures",
    "website": "http://www.kingsmendv.com",
    "city": "Irvine",
    "state": "California"
  },
  {
    "name": "eRecordsUSA - Document & Book Scanning Services",
    "website": "http://www.erecordsusa.com",
    "city": "Fremont",
    "state": "California"
  },
  {
    "name": "Chronicle Technologies, Inc.",
    "website": "http://www.gochronicle.com",
    "city": "Riverside",
    "state": "California"
  },
  {
    "name": "Planck Security",
    "website": "http://www.planck.security",
    "city": "Zurich",
    "state": "Zurich"
  },
  {
    "name": "HERE Technologies",
    "website": "http://www.here.com",
    "city": "Eindhoven",
    "state": "North Brabant"
  },
  {
    "name": "ontometrics",
    "website": "http://www.ontometrics.com",
    "city": "Los Angeles",
    "state": "California"
  },
  {
    "name": "Pierce Washington",
    "website": "http://www.piercewashington.com",
    "city": "Mill Valley",
    "state": "California"
  },
  {
    "name": "Tunabear",
    "website": "http://www.tunabear.com",
    "city": "Dallas",
    "state": "Texas"
  },
  {
    "name": "Frog Stone Media",
    "website": "http://www.frogstonemedia.com",
    "city": "Sacramento",
    "state": "California"
  },
  {
    "name": "Arkipelago",
    "website": "http://www.arkipelago.com",
    "city": "Toronto",
    "state": "Ontario"
  },
  {
    "name": "M Cubed Technologies",
    "website": "http://www.mcubedtechnologies.com",
    "city": "Fresno",
    "state": "California"
  },
  {
    "name": "WHITEBOARD TECHNOLOGY GROUP INC",
    "website": "http://www.whiteboardtech.com",
    "city": "Lafayette",
    "state": "California"
  },
  {
    "name": "EXUS",
    "website": "http://www.exus.co.uk",
    "city": "London",
    "state": "England"
  },
  {
    "name": "Quantum World Technologies Inc.",
    "website": "http://www.quantumworldit.com",
    "city": "Los Alamitos",
    "state": "California"
  },
  {
    "name": "Encore Business Solutions",
    "website": "http://www.encorebusiness.com",
    "city": "Winnipeg",
    "state": "Manitoba"
  },
  {
    "name": "Software Discount Center",
    "website": "http://www.softwarediscountcenter.com",
    "city": "Fallbrook",
    "state": "California"
  },
  {
    "name": "BG Origin Group",
    "website": "http://www.bgorigin.com",
    "city": "Hanford",
    "state": "California"
  },
  {
    "name": "Qvest US",
    "website": "http://www.qvest.us",
    "city": "Manhattan Beach",
    "state": "California"
  },
  {
    "name": "Galactic Ventures Inc",
    "website": "http://www.galaxyvc.com",
    "city": "San Francisco",
    "state": "California"
  },
  {
    "name": "Paras and Associates",
    "website": "http://www.parasandassociates.net",
    "city": "Pleasant Hill",
    "state": "California"
  },
  {
    "name": "Spadafy",
    "website": "http://www.spadafy.com",
    "city": "Seattle",
    "state": "Washington"
  },
  {
    "name": "ZBrains",
    "website": "http://www.zbrains.net",
    "city": "Pasadena",
    "state": "California"
  },
  {
    "name": "Group Seven Consulting, LLC",
    "website": "http://www.g7consulting.com",
    "city": "Atlanta",
    "state": "Georgia"
  },
  {
    "name": "Lion Interactive",
    "website": "http://www.lioninteractive.com",
    "city": "Oakland",
    "state": "California"
  },
  {
    "name": "The Tech Info Group",
    "website": "http://www.thetechinfogroup.com",
    "city": "Los Angeles",
    "state": "California"
  },
  {
    "name": "NETWORK TITAN LLC",
    "website": "http://www.networktitan.com",
    "city": "San Diego",
    "state": "California"
  },
  {
    "name": "HIPAA Vault - HIPAA Web Hosting & Cloud Solutions",
    "website": "http://www.hipaavault.com",
    "city": "San Marcos",
    "state": "California"
  },
  {
    "name": "Remend",
    "website": "http://www.remend.com",
    "city": "San Mateo",
    "state": "California"
  },
  {
    "name": "24hourtek, Inc - IT Support, Managed IT Services, IT Consulting San Francisco, California",
    "website": "http://www.24hourtek.com",
    "city": "San Francisco",
    "state": "California"
  },
  {
    "name": "Valarm",
    "website": "http://www.valarm.net",
    "city": "Los Angeles",
    "state": "California"
  },
  {
    "name": "CandidateZip",
    "website": "http://www.candidatezip.com",
    "city": "San Ramon",
    "state": "California"
  },
  {
    "name": "Best IT Experts Inc",
    "website": "http://www.bestitexperts.com",
    "city": "Cumming",
    "state": "Georgia"
  },
  {
    "name": "Osborne Technologies",
    "website": "http://www.osbornetechnologies.co.uk",
    "city": "Dodworth",
    "state": "England"
  },
  {
    "name": "Loqate, a GBG solution",
    "website": "http://www.loqate.com",
    "city": "Worcester",
    "state": "England"
  },
  {
    "name": "CostTree",
    "website": "http://www.costtree.net",
    "city": "Sacramento",
    "state": "California"
  },
  {
    "name": "American Logistics",
    "website": "http://www.americanlogistics.com",
    "city": "San Clemente",
    "state": "California"
  },
  {
    "name": "Infovision Software, Inc.",
    "website": "http://www.infovisionsoftware.com",
    "city": "Carlsbad",
    "state": "California"
  },
  {
    "name": "Competitive Analytics",
    "website": "http://www.competitiveanalytics.com",
    "city": "Newport Beach",
    "state": "California"
  },
  {
    "name": "International Software Systems",
    "website": "http://www.intlsoftwaresystems.com",
    "city": "Huntington Beach",
    "state": "California"
  },
  {
    "name": "Innovative Capital Ventures",
    "website": "http://www.icventures.net",
    "city": "Menlo Park",
    "state": "California"
  },
  {
    "name": "AVARO Technologies",
    "website": "http://www.avaro.tech",
    "city": "Vilnius",
    "state": "Vilnius County"
  },
  {
    "name": "iHomefinder, Inc.",
    "website": "http://www.ihomefinder.com",
    "city": "Berkeley",
    "state": "California"
  },
  {
    "name": "Excelsior LLC",
    "website": "http://www.excelsior.ru",
    "city": "Novosibirsk",
    "state": "Novosibirsk Oblast"
  },
  {
    "name": "IT Solutions Consulting",
    "website": "http://www.itsolutions-inc.com",
    "city": "Fort Washington",
    "state": "Pennsylvania"
  },
  {
    "name": "DivergeIT",
    "website": "http://www.divergeit.com",
    "city": "Torrance",
    "state": "California"
  },
  {
    "name": "isausa, inc. dba Integrated Scanning of America",
    "website": "http://www.isausa.com",
    "city": "Thousand Oaks",
    "state": "California"
  },
  {
    "name": "Charter",
    "website": "http://www.charter.ca",
    "city": "Langford",
    "state": "British Columbia"
  },
  {
    "name": "Filecoin Foundation",
    "website": "http://www.fil.org",
    "city": "Middletown",
    "state": "Delaware"
  },
  {
    "name": "Jobst IT Consulting",
    "website": "http://www.jobst.us",
    "city": "Los Angeles",
    "state": "California"
  },
  {
    "name": "Flexton Inc.",
    "website": "http://www.flextoninc.com",
    "city": "San Jose",
    "state": "California"
  },
  {
    "name": "Cedrus Corporation",
    "website": "http://www.cedrus.com",
    "city": "Los Angeles",
    "state": "California"
  },
  {
    "name": "Remedysoft, Inc.",
    "website": "http://www.hrsoftware.me",
    "city": "San Clemente",
    "state": "California"
  },
  {
    "name": "Internet Systems Consortium",
    "website": "http://www.isc.org",
    "city": "Newmarket",
    "state": "New Hampshire"
  },
  {
    "name": "Custom Software Solutions, Inc.",
    "website": "http://www.css-oc.com",
    "city": "Irvine",
    "state": "California"
  },
  {
    "name": "Measurement Masters",
    "website": "http://www.peptechnology.com",
    "city": "Kansas City",
    "state": "Missouri"
  },
  {
    "name": "MindTelligent - Contemplate & reflect upon knowledge to serve.",
    "website": "http://www.mindtelligent.com",
    "city": "El Dorado Hills",
    "state": "California"
  },
  {
    "name": "PRI Global",
    "website": "http://www.priglobal.com",
    "city": "Ellisville",
    "state": "Missouri"
  },
  {
    "name": "Relevant",
    "website": "http://www.relevant.com",
    "city": "Fountain Valley",
    "state": "California"
  },
  {
    "name": "Maxitech",
    "website": "http://www.maxitech.com",
    "city": "San Francisco",
    "state": "California"
  },
  {
    "name": "9EDGE Inc.",
    "website": "http://www.9edge.co",
    "city": "Santa Ana",
    "state": "California"
  },
  {
    "name": "Citation Compliance Inc",
    "website": "http://www.citationcompliance.com",
    "city": "Grapevine",
    "state": "Texas"
  },
  {
    "name": "Golden Interactive Media, Inc.",
    "website": "http://www.golden-interactive.com",
    "city": "Berkeley",
    "state": "California"
  },
  {
    "name": "Pluma",
    "website": "http://www.pluma.co",
    "city": "San Francisco",
    "state": "California"
  },
  {
    "name": "MTM Computer Consulting, Inc.",
    "website": "http://www.mtmii.com",
    "city": "Simi Valley",
    "state": "California"
  },
  {
    "name": "TMC America",
    "website": "http://www.tmc-america.com",
    "city": "Alpharetta",
    "state": "Georgia"
  },
  {
    "name": "Eclat",
    "website": "http://www.eclatchocolate.com",
    "city": "Indore",
    "state": "Madhya Pradesh"
  },
  {
    "name": "Baseline Data Systems, Inc.",
    "website": "http://www.oamobile.com",
    "city": "Torrance",
    "state": "California"
  },
  {
    "name": "Digital Network Solutions",
    "website": "http://www.dnsms.com",
    "city": "Gulfport",
    "state": "Mississippi"
  },
  {
    "name": "Baltic Amadeus",
    "website": "http://www.ba.lt",
    "city": "Vilnius",
    "state": "Vilnius County"
  },
  {
    "name": "XeneX SOC",
    "website": "http://www.xenexsoc.com",
    "city": "Los Angeles",
    "state": "California"
  },
  {
    "name": "Cornerstone Technologies",
    "website": "http://www.cornerstonetechnologies.com",
    "city": "San Jose",
    "state": "California"
  },
  {
    "name": "AIM",
    "website": "http://www.analyticsindiamag.com",
    "city": "Bengaluru",
    "state": "Karnataka"
  },
  {
    "name": "Chase Global Services",
    "website": "http://www.chaseglobalservices.com",
    "city": "Reno",
    "state": "Nevada"
  },
  {
    "name": "CCS Global Tech",
    "website": "http://www.ccsglobaltech.com",
    "city": "Poway",
    "state": "California"
  },
  {
    "name": "KnowledgeCentrix",
    "website": "http://www.knowledgecentrix.com",
    "city": "Irvine",
    "state": "California"
  },
  {
    "name": "Aerial Dynamics Corporation",
    "website": "http://www.aerialdynamics.net",
    "city": "Costa Mesa",
    "state": "California"
  },
  {
    "name": "Fields EAM",
    "website": "http://www.fields-eam.com",
    "city": "Malibu",
    "state": "California"
  },
  {
    "name": "Agricultural Data Systems",
    "website": "http://www.touchmemory.com",
    "city": "Laguna Niguel",
    "state": "California"
  },
  {
    "name": "FunnelSource",
    "website": "http://www.funnelsource.com",
    "city": "Scottsdale",
    "state": "Arizona"
  },
  {
    "name": "APC Dynamics",
    "website": "http://www.apcdynamics.com",
    "city": "Los Angeles",
    "state": "California"
  },
  {
    "name": "Simplain",
    "website": "http://www.simplain.com",
    "city": "Walnut",
    "state": "California"
  },
  {
    "name": "CI Solutions",
    "website": "http://www.cardintegrators.com",
    "city": "Los Alamitos",
    "state": "California"
  },
  {
    "name": "Re-Store, LLC",
    "website": "http://www.re-store.net",
    "city": "San Marcos",
    "state": "California"
  },
  {
    "name": "Intelligent Structures, Inc.",
    "website": "http://www.intellistruct.com",
    "city": "Menlo Park",
    "state": "California"
  },
  {
    "name": "Earth Oasis Computers",
    "website": "http://www.earthoasis.com",
    "city": "La Canada Flintridge",
    "state": "California"
  },
  {
    "name": "Netaphor Software Inc. - Irvine CA",
    "website": "http://www.netaphor.com",
    "city": "Irvine",
    "state": "California"
  },
  {
    "name": "Modula4",
    "website": "http://www.modula4.com",
    "city": "San Rafael",
    "state": "California"
  },
  {
    "name": "JLOOP",
    "website": "http://www.jloop.com",
    "city": "Long Beach",
    "state": "California"
  },
  {
    "name": "Approval Code",
    "website": "http://www.approvalcode.com",
    "city": "Huntington Beach",
    "state": "California"
  },
  {
    "name": "The Resource Group",
    "website": "http://www.pacregroup.com",
    "city": "Renton",
    "state": "Washington"
  },
  {
    "name": "AccuZIP",
    "website": "http://www.accuzip.com",
    "city": "League City",
    "state": "Texas"
  },
  {
    "name": "Mortgage Leads Network",
    "website": "http://www.mortgageleads.net",
    "city": "Bakersfield",
    "state": "California"
  },
  {
    "name": "Symitar",
    "website": "http://www.symitar.com",
    "city": "San Diego",
    "state": "California"
  },
  {
    "name": "NVISH Solutions",
    "website": "http://www.nvish.com",
    "city": "Newark",
    "state": "California"
  },
  {
    "name": "Halcyon Financial Technology, L.P.",
    "website": "http://www.halcyonft.com",
    "city": "San Francisco",
    "state": "California"
  },
  {
    "name": "WORKSTERS",
    "website": "http://www.worksters.com",
    "city": "San Diego",
    "state": "California"
  },
  {
    "name": "Elastic Teams",
    "website": "http://www.elasticteams.com",
    "city": "Mountain View",
    "state": "California"
  },
  {
    "name": "Information Technology Alliance (ITA)",
    "website": "http://www.italliance.com",
    "city": "Raleigh",
    "state": "North Carolina"
  },
  {
    "name": "MuniMetriX Systems Corp.",
    "website": "http://www.munimetrix.com",
    "city": "Reno",
    "state": "Nevada"
  },
  {
    "name": "Infobahn Softworld Inc",
    "website": "http://www.infobahnsw.com",
    "city": "San Jose",
    "state": "California"
  },
  {
    "name": "Senzing",
    "website": "http://www.senzing.com",
    "city": "Las Vegas",
    "state": "Nevada"
  },
  {
    "name": "Stack Sports",
    "website": "http://www.stacksports.com",
    "city": "Plano",
    "state": "Texas"
  },
  {
    "name": "vCom Solutions",
    "website": "http://www.vcomsolutions.com",
    "city": "San Ramon",
    "state": "California"
  },
  {
    "name": "DistiNow",
    "website": "http://www.distinow.com",
    "city": "San Clemente",
    "state": "California"
  },
  {
    "name": "IXOPAY",
    "website": "http://www.ixopay.com",
    "city": "Vienna",
    "state": "Vienna"
  },
  {
    "name": "Techbase International, Ltd",
    "website": "http://www.techbase.com",
    "city": "Reno",
    "state": "Nevada"
  },
  {
    "name": "Safe Haven Solutions LLC",
    "website": "http://www.safehavensolutions.com",
    "city": "Santa Ana",
    "state": "California"
  },
  {
    "name": "Agile Business Solutions",
    "website": "http://www.agileconsultancyservices.com",
    "city": "Pimpri-Chinchwad",
    "state": "Maharashtra"
  },
  {
    "name": "HugeServer Networks, LLC",
    "website": "http://www.hugeserver.com",
    "city": "Los Angeles",
    "state": "California"
  },
  {
    "name": "Integrated Dynamic Solutions",
    "website": "http://www.idsindia.co.in",
    "city": "Thiruvananthapuram",
    "state": "Kerala"
  },
  {
    "name": "Forté Holdings",
    "website": "http://www.forteholdings.com",
    "city": "El Dorado Hills",
    "state": "California"
  },
  {
    "name": "Dove Tree Canyon Software, Inc.",
    "website": "http://www.dovetree.com",
    "city": "San Diego",
    "state": "California"
  },
  {
    "name": "Sam & Company",
    "website": "http://www.samandcompany.com",
    "city": "Calabasas",
    "state": "California"
  },
  {
    "name": "Orion Technologies",
    "website": "http://www.orionreno.com",
    "city": "Reno",
    "state": "Nevada"
  },
  {
    "name": "Relcomm INC",
    "website": "http://www.relcomm.net",
    "city": "",
    "state": "New Jersey"
  },
  {
    "name": "Clairvoyant Solutions",
    "website": "http://www.clairvoyant-solutions.com",
    "city": "Campbell",
    "state": "California"
  },
  {
    "name": "GIS Surveyors",
    "website": "http://www.gissurveyors.com",
    "city": "Poway",
    "state": "California"
  },
  {
    "name": "Protocol Labs",
    "website": "http://www.protocol.ai",
    "city": "San Francisco",
    "state": "California"
  },
  {
    "name": "The Tech Consultants, LLC",
    "website": "http://www.ttcmsp.com",
    "city": "Los Angeles",
    "state": "California"
  },
  {
    "name": "Eike Consulting",
    "website": "http://www.eikeconsulting.com",
    "city": "San Jose",
    "state": "California"
  },
  {
    "name": "Matrix Logic Corporation",
    "website": "http://www.matrix-logic.com",
    "city": "Chico",
    "state": "California"
  },
  {
    "name": "Surety",
    "website": "http://www.surety.com",
    "city": "Naples",
    "state": "Florida"
  },
  {
    "name": "Antares Technology Solutions - We Know Software!",
    "website": "http://www.antaresnet.com",
    "city": "Baton Rouge",
    "state": "Louisiana"
  },
  {
    "name": "ePaiges Design Group, LLC",
    "website": "http://www.epaiges.com",
    "city": "Mather",
    "state": "California"
  },
  {
    "name": "BancBridge Software Systems Inc.",
    "website": "http://www.bancbridge.com",
    "city": "Westlake Village",
    "state": "California"
  },
  {
    "name": "SAMEPAGE INFORMATION SOLUTIONS INC",
    "website": "http://www.samepageinfosol.com",
    "city": "Fremont",
    "state": "California"
  },
  {
    "name": "Granite Data Solutions",
    "website": "http://www.granitedata.com",
    "city": "McClellan Park",
    "state": "California"
  },
  {
    "name": "Thought Development Corp.",
    "website": "http://www.thought-dev.com",
    "city": "Simi Valley",
    "state": "California"
  },
  {
    "name": "Auriga Technology, LLC",
    "website": "http://www.aurtech.com",
    "city": "Escalon",
    "state": "California"
  },
  {
    "name": "VYNYL",
    "website": "http://www.vynyl.com",
    "city": "Los Angeles",
    "state": "California"
  },
  {
    "name": "California Computer Options, LLC.",
    "website": "http://www.computeroptions.net",
    "city": "Corona",
    "state": "California"
  },
  {
    "name": "AutoVision",
    "website": "http://www.autovision.com",
    "city": "Castro Valley",
    "state": "California"
  },
  {
    "name": "Wendego IT Solutions",
    "website": "http://www.wendego.com",
    "city": "San Diego",
    "state": "California"
  },
  {
    "name": "Webene, INC",
    "website": "http://www.webene.com",
    "city": "Carlsbad",
    "state": "California"
  },
  {
    "name": "Group Oliver",
    "website": "http://www.groupoliver.com",
    "city": "Torrance",
    "state": "California"
  },
  {
    "name": "Knowledge Relay",
    "website": "http://www.knowledgerelay.com",
    "city": "Cypress",
    "state": "California"
  },
  {
    "name": "Learning Genie",
    "website": "http://www.learning-genie.com",
    "city": "Carlsbad",
    "state": "California"
  },
  {
    "name": "Office Ally",
    "website": "http://www.officeally.com",
    "city": "Vancouver",
    "state": "Washington"
  },
  {
    "name": "Kinetix",
    "website": "http://www.kinetix.com",
    "city": "San Francisco",
    "state": "California"
  },
  {
    "name": "Infoguard Cyber Security",
    "website": "http://www.infoguardsecurity.com",
    "city": "San Jose",
    "state": "California"
  },
  {
    "name": "Shammam Consulting Services, Inc.",
    "website": "http://www.shammam.com",
    "city": "San Diego",
    "state": "California"
  },
  {
    "name": "Project Insight",
    "website": "http://www.projectinsight.com",
    "city": "Irvine",
    "state": "California"
  },
  {
    "name": "Project Remedies Inc.",
    "website": "http://www.projectremedies.com",
    "city": "Los Angeles",
    "state": "California"
  },
  {
    "name": "Entrusted Services",
    "website": "http://www.entrustedservices.com",
    "city": "Santa Barbara",
    "state": "California"
  },
  {
    "name": "South O' Internet Services",
    "website": "http://www.southo.net",
    "city": "Oceanside",
    "state": "California"
  },
  {
    "name": "Ubisec Systems, Inc.",
    "website": "http://www.ubisec.com",
    "city": "Brea",
    "state": "California"
  },
  {
    "name": "FormaTech IT Services",
    "website": "http://www.formatech-it.com",
    "city": "Napa",
    "state": "California"
  },
  {
    "name": "GSR Technologies Inc",
    "website": "http://www.gsrti.com",
    "city": "Irvine",
    "state": "California"
  },
  {
    "name": "InMon Corp.",
    "website": "http://www.inmon.com",
    "city": "San Francisco",
    "state": "California"
  },
  {
    "name": "Pricon Enterprise Technologies",
    "website": "http://www.pricon.com",
    "city": "Anaheim",
    "state": "California"
  },
  {
    "name": "Productive Programming, Inc.",
    "website": "http://www.propro.com",
    "city": "Placentia",
    "state": "California"
  },
  {
    "name": "Transport Data Systems",
    "website": "http://www.transportdatasystems.com",
    "city": "San Diego",
    "state": "California"
  },
  {
    "name": "Cloudify Inc.",
    "website": "http://www.cloudifyinc.com",
    "city": "Irvine",
    "state": "California"
  },
  {
    "name": "IT Problem Solver, Inc",
    "website": "http://www.itproblemsolver.com",
    "city": "Irvine",
    "state": "California"
  },
  {
    "name": "Waverley Software",
    "website": "http://www.waverleysoftware.com",
    "city": "Palo Alto",
    "state": "California"
  },
  {
    "name": "Open Line",
    "website": "http://www.openline.nl",
    "city": "Maastricht-Airport",
    "state": "Limburg"
  },
  {
    "name": "Millennium Systems Inc.",
    "website": "http://www.millsysinc.com",
    "city": "Irvine",
    "state": "California"
  },
  {
    "name": "Slate Digital",
    "website": "http://www.slatedigital.com",
    "city": "Los Angeles",
    "state": "California"
  },
  {
    "name": "Advanced IT Management, Inc",
    "website": "http://www.aitmgt.com",
    "city": "Irvine",
    "state": "California"
  },
  {
    "name": "eSage Group",
    "website": "http://www.esagegroup.com",
    "city": "Seattle",
    "state": "Washington"
  },
  {
    "name": "IDMWORKS",
    "website": "http://www.idmworks.com",
    "city": "Coral Gables",
    "state": "Florida"
  },
  {
    "name": "MemSys - Herlick Data Systems",
    "website": "http://www.memsys.com",
    "city": "Apple Valley",
    "state": "California"
  },
  {
    "name": "Webapper Services, LLC",
    "website": "http://www.webapper.com",
    "city": "Fort Collins",
    "state": "Colorado"
  },
  {
    "name": "Next Generation Inc.",
    "website": "http://www.nxtgeninc.com",
    "city": "Chicago",
    "state": "Illinois"
  },
  {
    "name": "Kognitiv Inc.",
    "website": "http://www.kognitivinc.com",
    "city": "Newton",
    "state": "Massachusetts"
  },
  {
    "name": "LIBERTY LABS",
    "website": "http://www.libertylabs.com",
    "city": "San Diego",
    "state": "California"
  },
  {
    "name": "Point 4 Data Corp.",
    "website": "http://www.point4data.com",
    "city": "Costa Mesa",
    "state": "California"
  },
  {
    "name": "Windward Technology",
    "website": "http://www.movewindward.com",
    "city": "San Diego",
    "state": "California"
  },
  {
    "name": "Expert Microsystems, Inc.",
    "website": "http://www.expmicrosys.com",
    "city": "Orangevale",
    "state": "California"
  },
  {
    "name": "Dubsado",
    "website": "http://www.dubsado.com",
    "city": "Burbank",
    "state": "California"
  },
  {
    "name": "Inductel, Inc.",
    "website": "http://www.inductel.com",
    "city": "Monte Sereno",
    "state": "California"
  },
  {
    "name": "JB Tech Enterprise",
    "website": "http://www.jbtechent.com",
    "city": "Laguna Hills",
    "state": "California"
  },
  {
    "name": "A & A Computers, Inc.",
    "website": "http://www.anacomputers.com",
    "city": "Santa Clara",
    "state": "California"
  },
  {
    "name": "Geographic Resource Solutions",
    "website": "http://www.grsgis.com",
    "city": "Arcata",
    "state": "California"
  },
  {
    "name": "BuildingMinds",
    "website": "http://www.buildingminds.com",
    "city": "Berlin",
    "state": "Berlin"
  },
  {
    "name": "Codesigned",
    "website": "http://www.codesigned.com",
    "city": "Atlanta",
    "state": "Georgia"
  },
  {
    "name": "MDSI",
    "website": "http://www.ventyx.com",
    "city": "Waynesville",
    "state": "Ohio"
  },
  {
    "name": "Rental Tracker Inc.",
    "website": "http://www.rentaltracker.com",
    "city": "Los Angeles",
    "state": "California"
  },
  {
    "name": "Mafiree",
    "website": "http://www.mafiree.com",
    "city": "Bengaluru",
    "state": "Karnataka"
  },
  {
    "name": "OnQue Technologies, Inc.",
    "website": "http://www.onque.com",
    "city": "Santa Rosa",
    "state": "California"
  },
  {
    "name": "Innovative Cloud Solutions",
    "website": "http://www.ics-cloudsolutions.com",
    "city": "Altamonte Springs",
    "state": "Florida"
  },
  {
    "name": "Amicus Technology, Inc.",
    "website": "http://www.amicustech.com",
    "city": "Santa Monica",
    "state": "California"
  },
  {
    "name": "Axilera, Inc",
    "website": "http://www.axilera.com",
    "city": "Mountain View",
    "state": "California"
  },
  {
    "name": "iSpace, Inc.",
    "website": "http://www.ispace.com",
    "city": "El Segundo",
    "state": "California"
  },
  {
    "name": "Impression Technology",
    "website": "http://www.impression-tech.com",
    "city": "Walnut Creek",
    "state": "California"
  },
  {
    "name": "Aventa Technology",
    "website": "http://www.aventatech.com",
    "city": "Modesto",
    "state": "California"
  },
  {
    "name": "Integration Technologies Inc.",
    "website": "http://www.intgrt.com",
    "city": "Irvine",
    "state": "California"
  },
  {
    "name": "Muzicraft Sound Engineering",
    "website": "http://www.muzicraft.com",
    "city": "Santa Barbara",
    "state": "California"
  },
  {
    "name": "JD Real Estate Systems Consulting, Inc.",
    "website": "http://www.jdconsultinginc.com",
    "city": "Orange",
    "state": "California"
  },
  {
    "name": "P360",
    "website": "http://www.p360.com",
    "city": "Piscataway Township",
    "state": "New Jersey"
  },
  {
    "name": "Crone Consulting LLC",
    "website": "http://www.croneconsulting.com",
    "city": "San Carlos",
    "state": "California"
  },
  {
    "name": "Hopeful Inc.",
    "website": "http://www.hopefulinc.me",
    "city": "Toronto",
    "state": "Ontario"
  },
  {
    "name": "CSR Privacy Solutions, Inc.",
    "website": "http://www.csrps.com",
    "city": "Jensen Beach",
    "state": "Florida"
  },
  {
    "name": "CRMIT Solutions",
    "website": "http://www.crmit.com",
    "city": "Milpitas",
    "state": "California"
  },
  {
    "name": "SoftMaster",
    "website": "http://www.softmaster.com",
    "city": "Irvine",
    "state": "California"
  },
  {
    "name": "All-in-1",
    "website": "http://www.all-in-1.com",
    "city": "Glendale",
    "state": "California"
  },
  {
    "name": "Ventra Technology",
    "website": "http://www.ventrainc.com",
    "city": "Covina",
    "state": "California"
  },
  {
    "name": "OMG",
    "website": "http://www.omg.org",
    "city": "Milford",
    "state": "Massachusetts"
  },
  {
    "name": "Grazitti Interactive",
    "website": "http://www.grazitti.com",
    "city": "Panchkula",
    "state": "Haryana"
  },
  {
    "name": "Express Media Graphics, Inc.",
    "website": "http://www.expressmediagraphics.com",
    "city": "Gilroy",
    "state": "California"
  },
  {
    "name": "TechLAB Innovation Center",
    "website": "http://www.techlabcenter.com",
    "city": "Santa Clara",
    "state": "California"
  },
  {
    "name": "FTI Services",
    "website": "http://www.ftiservices.com",
    "city": "Goleta",
    "state": "California"
  },
  {
    "name": "GDS Estimating",
    "website": "http://www.gdsestimating.com",
    "city": "Encinitas",
    "state": "California"
  },
  {
    "name": "Fantastic IT Solutions",
    "website": "http://www.fantasticit.com",
    "city": "Torrance",
    "state": "California"
  },
  {
    "name": "California Electronics",
    "website": "http://www.californiaelectronics.com",
    "city": "Garden Grove",
    "state": "California"
  },
  {
    "name": "LWS (Lighthouse Worldwide Solutions)",
    "website": "http://www.golighthouse.com",
    "city": "Fremont",
    "state": "California"
  },
  {
    "name": "rosoftlab s.r.l.",
    "website": "http://www.rosoftlab.net",
    "city": "Brașov",
    "state": "Brașov County"
  },
  {
    "name": "Black Diamond Technologies LLC",
    "website": "http://www.blackdiamondtech.net",
    "city": "Palmdale",
    "state": "California"
  },
  {
    "name": "Touchstone Technologies, Inc.",
    "website": "http://www.touchstone-inc.com",
    "city": "Hatboro",
    "state": "Pennsylvania"
  },
  {
    "name": "FuseGlobal Partners",
    "website": "http://www.fuseglobal.com",
    "city": "San Francisco",
    "state": "California"
  },
  {
    "name": "Worldnet Technology Solutions",
    "website": "http://www.worldnetechnology.com",
    "city": "Mission Viejo",
    "state": "California"
  },
  {
    "name": "Level 4 Services",
    "website": "http://www.lvl4.com",
    "city": "Simi Valley",
    "state": "California"
  },
  {
    "name": "InMata Solutions",
    "website": "http://www.inmata.com",
    "city": "Fremont",
    "state": "California"
  },
  {
    "name": "All Systems",
    "website": "http://www.allsystemsonline.com",
    "city": "Kansas City",
    "state": "Kansas"
  },
  {
    "name": "Aechelon Technology",
    "website": "http://www.aechelon.com",
    "city": "San Francisco",
    "state": "California"
  },
  {
    "name": "SLTWTR",
    "website": "http://www.sltwtr.com",
    "city": "Santa Barbara",
    "state": "California"
  },
  {
    "name": "Rapid Technologies",
    "website": "http://www.rapid-tech.com",
    "city": "Lone Tree",
    "state": "Colorado"
  },
  {
    "name": "ATCSEARCH",
    "website": "http://www.atcsearch.com",
    "city": "San Mateo",
    "state": "California"
  },
  {
    "name": "Excelym, LLC",
    "website": "http://www.excelym.com",
    "city": "San Francisco",
    "state": "California"
  },
  {
    "name": "ATC",
    "website": "http://www.atc.xyz",
    "city": "Clive",
    "state": "Iowa"
  },
  {
    "name": "Vicom Systems",
    "website": "http://www.vicom.com",
    "city": "Santa Clara",
    "state": "California"
  },
  {
    "name": "Advanced Information Technologies, Inc.",
    "website": "http://www.aitinc.com",
    "city": "Florence",
    "state": "Alabama"
  },
  {
    "name": "Empower IT Solutions, Inc.",
    "website": "http://www.empoweritsolutions.com",
    "city": "Tracy",
    "state": "California"
  },
  {
    "name": "mbsPartners LLC",
    "website": "http://www.mbspartnersllc.com",
    "city": "Los Angeles",
    "state": "California"
  },
  {
    "name": "AVANU WebMux - Network Traffic Manager Load Balancing Solutions (Integrated ADN, GSLB, and WAF)",
    "website": "http://www.avanu.com",
    "city": "San Jose",
    "state": "California"
  },
  {
    "name": "AERO Technology",
    "website": "http://www.aerowebtechnology.com",
    "city": "Muskogee",
    "state": "Oklahoma"
  },
  {
    "name": "iStreet Solutions, LLC",
    "website": "http://www.istreetsolutions.com",
    "city": "Roseville",
    "state": "California"
  },
  {
    "name": "Radinnova",
    "website": "http://www.radinnova.com",
    "city": "San Diego",
    "state": "California"
  },
  {
    "name": "Mariner",
    "website": "http://www.mariner-usa.com",
    "city": "Charlotte",
    "state": "North Carolina"
  },
  {
    "name": "BIS Computer Solutions, Inc.",
    "website": "http://www.biscomputer.com",
    "city": "La Crescenta-Montrose",
    "state": "California"
  },
  {
    "name": "Fore A Partners, Inc.",
    "website": "http://www.foreap.com",
    "city": "Folsom",
    "state": "California"
  },
  {
    "name": "ConductorCommerce",
    "website": "http://www.conductorcommerce.com",
    "city": "Carlsbad",
    "state": "California"
  },
  {
    "name": "MyBoardPacket",
    "website": "http://www.myboardpacket.com",
    "city": "Arroyo Grande",
    "state": "California"
  },
  {
    "name": "PDFLiner",
    "website": "http://www.pdfliner.com",
    "city": "Wilmington",
    "state": "Delaware"
  },
  {
    "name": "Media Systems",
    "website": "http://www.mediaus.com",
    "city": "Schaumburg",
    "state": "Illinois"
  },
  {
    "name": "Dabble.com",
    "website": "http://www.dabble.com",
    "city": "Berkeley",
    "state": "California"
  },
  {
    "name": "Casting Frontier",
    "website": "http://www.castingfrontier.com",
    "city": "Los Angeles",
    "state": "California"
  },
  {
    "name": "Stratogent",
    "website": "http://www.stratogent.com",
    "city": "San Mateo",
    "state": "California"
  },
  {
    "name": "Private Identity LLC",
    "website": "http://www.privateid.com",
    "city": "Concord",
    "state": "North Carolina"
  },
  {
    "name": "Justia",
    "website": "http://www.justia.com",
    "city": "Mountain View",
    "state": "California"
  },
  {
    "name": "RISA Tech, Inc.",
    "website": "http://www.risa.com",
    "city": "Lake Forest",
    "state": "California"
  },
  {
    "name": "T-Tech",
    "website": "http://www.ttech.uk.com",
    "city": "London",
    "state": "England"
  },
  {
    "name": "Lamorinda Technology",
    "website": "http://www.lamorindatechnology.com",
    "city": "Lafayette",
    "state": "California"
  },
  {
    "name": "OACYS Technology",
    "website": "http://www.oacys.com",
    "city": "Porterville",
    "state": "California"
  },
  {
    "name": "$300 Data Recovery",
    "website": "http://www.300dollardatarecovery.com",
    "city": "Los Angeles",
    "state": "California"
  },
  {
    "name": "Dew Software",
    "website": "http://www.dewsoftware.com",
    "city": "Fremont",
    "state": "California"
  },
  {
    "name": "Xavor Corporation",
    "website": "http://www.xavor.com",
    "city": "Irvine",
    "state": "California"
  },
  {
    "name": "Cybernetix Technologies",
    "website": "http://www.cybernetix.com",
    "city": "Redwood City",
    "state": "California"
  },
  {
    "name": "LANAIR Technology Group",
    "website": "http://www.lanairgroup.com",
    "city": "Glendale",
    "state": "California"
  },
  {
    "name": "AEGISOLVE",
    "website": "http://www.aegisolve.com",
    "city": "Knoxville",
    "state": "Tennessee"
  },
  {
    "name": "Think Connected",
    "website": "http://www.thinkconnected.com",
    "city": "San Francisco",
    "state": "California"
  },
  {
    "name": "E-Waste Security",
    "website": "http://www.ewastesecurity.com",
    "city": "Irvine",
    "state": "California"
  },
  {
    "name": "Thinking2",
    "website": "http://www.thinking2.com",
    "city": "Simi Valley",
    "state": "California"
  },
  {
    "name": "Liaison Software Corporation",
    "website": "http://www.liaisonsc.com",
    "city": "Lake Forest",
    "state": "California"
  },
  {
    "name": "Alliant Technology Group",
    "website": "http://www.allianttechnology.com",
    "city": "Arcadia",
    "state": "California"
  },
  {
    "name": "Expert Networks, Inc.",
    "website": "http://www.xniservices.com",
    "city": "Los Angeles",
    "state": "California"
  },
  {
    "name": "Triware Networld Systems, L.L.C.",
    "website": "http://www.triware.info",
    "city": "Santa Clara",
    "state": "California"
  },
  {
    "name": "Dataeware",
    "website": "http://www.dataeware.com",
    "city": "Dublin",
    "state": "California"
  },
  {
    "name": "Multiple Access Ca Corp",
    "website": "http://www.multipleaccess.com",
    "city": "Fremont",
    "state": "California"
  },
  {
    "name": "xAmplify",
    "website": "http://www.xamplify.com",
    "city": "Fremont",
    "state": "California"
  },
  {
    "name": "ADEPT Driver",
    "website": "http://www.adeptdriver.com",
    "city": "Elk Grove",
    "state": "California"
  },
  {
    "name": "Southland Technology, Inc.",
    "website": "http://www.southlandtechnology.com",
    "city": "San Diego",
    "state": "California"
  },
  {
    "name": "Global Touch, Inc.®",
    "website": "http://www.globaltouch.com",
    "city": "Berkeley",
    "state": "California"
  },
  {
    "name": "Lighthouse Systems, Inc.",
    "website": "http://www.golighthouse.net",
    "city": "Sacramento",
    "state": "California"
  },
  {
    "name": "DataSys Corporation",
    "website": "http://www.datasyscorp.com",
    "city": "Marlborough",
    "state": "Massachusetts"
  },
  {
    "name": "GeoFusion, Inc.",
    "website": "http://www.geofusion.com",
    "city": "Carmel-by-the-Sea",
    "state": "California"
  },
  {
    "name": "Palecek Consulting Group",
    "website": "http://www.pcgit.net",
    "city": "San Diego",
    "state": "California"
  },
  {
    "name": "Infowit, Inc.",
    "website": "http://www.infowit.com",
    "city": "Los Angeles",
    "state": "California"
  },
  {
    "name": "ASCI",
    "website": "http://www.asci.us",
    "city": "Zapopan",
    "state": "Jalisco"
  },
  {
    "name": "Secura",
    "website": "http://www.secura.com",
    "city": "Amsterdam",
    "state": "North Holland"
  },
  {
    "name": "Vanishing Clouds, Inc.",
    "website": "http://www.vanishingclouds.com",
    "city": "Huntington Beach",
    "state": "California"
  },
  {
    "name": "IT-One Information Technology",
    "website": "http://www.itone.com.br",
    "city": "Belo Horizonte",
    "state": "State of Minas Gerais"
  },
  {
    "name": "Ironhawk Technologies",
    "website": "http://www.ironhawk.com",
    "city": "Manhattan Beach",
    "state": "California"
  },
  {
    "name": "Business Data Links, Inc.",
    "website": "http://www.businessdatalinks.com",
    "city": "Brea",
    "state": "California"
  },
  {
    "name": "MatrixIntelligence",
    "website": "http://www.matrixintel.com",
    "city": "Santa Clara",
    "state": "California"
  },
  {
    "name": "Scalio",
    "website": "http://www.scal.io",
    "city": "San Francisco",
    "state": "California"
  },
  {
    "name": "Fast Slow Motion—HubSpot Salesforce Integration",
    "website": "http://www.fastslowmotion.com",
    "city": "Birmingham",
    "state": "Alabama"
  },
  {
    "name": "Silicon Forensics",
    "website": "http://www.siliconforensics.com",
    "city": "Pomona",
    "state": "California"
  },
  {
    "name": "Kore Technologies",
    "website": "http://www.koretech.com",
    "city": "San Diego",
    "state": "California"
  },
  {
    "name": "CMOS Sensor Inc",
    "website": "http://www.csensor.com",
    "city": "San Jose",
    "state": "California"
  },
  {
    "name": "C2 Technology Partners, Inc.",
    "website": "http://www.c2techs.net",
    "city": "Calabasas",
    "state": "California"
  },
  {
    "name": "Classic Micro Systems",
    "website": "http://www.classicmicro.com",
    "city": "Los Angeles",
    "state": "California"
  },
  {
    "name": "DeltaOne Software",
    "website": "http://www.d1sw.com",
    "city": "Brea",
    "state": "California"
  },
  {
    "name": "Open X",
    "website": "http://www.openxeducation.com",
    "city": "Long Beach",
    "state": "California"
  },
  {
    "name": "Rocstor",
    "website": "http://www.rocstor.com",
    "city": "Los Angeles",
    "state": "California"
  },
  {
    "name": "StackFM",
    "website": "http://www.stackfm.com",
    "city": "Los Angeles",
    "state": "California"
  },
  {
    "name": "Bonzzu",
    "website": "http://www.bonzzu.com",
    "city": "Miramar",
    "state": "Florida"
  },
  {
    "name": "Autonomic Software",
    "website": "http://www.autonomic-software.com",
    "city": "Danville",
    "state": "California"
  },
  {
    "name": "Array",
    "website": "http://www.array.com",
    "city": "BOWLING GREEN",
    "state": "New York"
  },
  {
    "name": "powercloud GmbH",
    "website": "http://www.power.cloud",
    "city": "Achern",
    "state": "Baden-Wuerttemberg"
  },
  {
    "name": "RTS IT, Inc.",
    "website": "http://www.rtscomp.com",
    "city": "El Dorado Hills",
    "state": "California"
  },
  {
    "name": "Century Business Services (Flex Technology Group)",
    "website": "http://www.cbsconnect.com",
    "city": "Costa Mesa",
    "state": "California"
  },
  {
    "name": "BigTapp Analytics",
    "website": "http://www.bigtappanalytics.com",
    "city": "Singapore",
    "state": ""
  },
  {
    "name": "Central Valley Computers",
    "website": "http://www.centralvalleycomputers.com",
    "city": "Dinuba",
    "state": "California"
  },
  {
    "name": "The Canton Group",
    "website": "http://www.cantongroup.com",
    "city": "Baltimore",
    "state": "Maryland"
  },
  {
    "name": "Exavalu",
    "website": "http://www.exavalu.com",
    "city": "Newport Beach",
    "state": "California"
  },
  {
    "name": "Silicon Valley Software Group",
    "website": "http://www.svsg.co",
    "city": "San Francisco",
    "state": "California"
  },
  {
    "name": "Pacific IT Solutions",
    "website": "http://www.pacificitsolutions.com",
    "city": "San Diego",
    "state": "California"
  },
  {
    "name": "Intelygenz",
    "website": "http://www.intelygenz.com",
    "city": "San Francisco",
    "state": "California"
  },
  {
    "name": "Web Casa Design",
    "website": "http://www.webcasa.com",
    "city": "Tustin",
    "state": "California"
  },
  {
    "name": "Fothion",
    "website": "http://www.fothion.com",
    "city": "Los Angeles",
    "state": "California"
  },
  {
    "name": "Modern Media - Passie voor innovatie",
    "website": "http://www.modernmedia.nl",
    "city": "Amersfoort",
    "state": "Utrecht"
  },
  {
    "name": "The Talent Fund LLC",
    "website": "http://www.matthewsconsulting.com",
    "city": "Los Gatos",
    "state": "California"
  },
  {
    "name": "Advanced Networks Inc.",
    "website": "http://www.adv-networks.com",
    "city": "Los Angeles",
    "state": "California"
  },
  {
    "name": "Eagle Creek, an Eviden Business",
    "website": "http://www.eaglecrk.com",
    "city": "Eden Prairie",
    "state": "Minnesota"
  },
  {
    "name": "Nava",
    "website": "http://www.navapbc.com",
    "city": "Washington",
    "state": "District of Columbia"
  },
  {
    "name": "HW Media",
    "website": "http://www.hwmedia.com",
    "city": "Dallas",
    "state": "Texas"
  },
  {
    "name": "Altara",
    "website": "http://www.altara.com",
    "city": "Sacramento",
    "state": "California"
  },
  {
    "name": "HubBase",
    "website": "http://www.hubbase.io",
    "city": "San Francisco",
    "state": "California"
  },
  {
    "name": "Downey Unified School District",
    "website": "http://www.dusd.net",
    "city": "Downey",
    "state": "California"
  },
  {
    "name": "906 Interactive",
    "website": "http://www.906interactive.com",
    "city": "Dana Point",
    "state": "California"
  },
  {
    "name": "Top Echelon Software",
    "website": "http://www.topechelon.com",
    "city": "Canton",
    "state": "Ohio"
  },
  {
    "name": "IQubz LLC",
    "website": "http://www.iqubz.com",
    "city": "",
    "state": ""
  },
  {
    "name": "Rela",
    "website": "http://www.relahq.com",
    "city": "Newport Beach",
    "state": "California"
  },
  {
    "name": "Actnet Advanced Technology Corporation",
    "website": "http://www.actnetonline.com",
    "city": "San Francisco",
    "state": "California"
  },
  {
    "name": "RSI",
    "website": "http://www.rsidelivers.com",
    "city": "Pembroke",
    "state": "Massachusetts"
  },
  {
    "name": "DLS Solutions, Inc.",
    "website": "http://www.dlssolutions.com",
    "city": "Danville",
    "state": "California"
  },
  {
    "name": "Dovetale",
    "website": "http://www.dovetale.com",
    "city": "",
    "state": "New York"
  },
  {
    "name": "Convoso",
    "website": "http://www.convoso.com",
    "city": "Los Angeles",
    "state": "California"
  },
  {
    "name": "Banyan Software",
    "website": "http://www.banyansoftware.com",
    "city": "Atlanta",
    "state": "Georgia"
  },
  {
    "name": "Lan Pros Communication, Inc.",
    "website": "http://www.lanprosinc.com",
    "city": "Campbell",
    "state": "California"
  },
  {
    "name": "Virtual Transportation Management, Inc.",
    "website": "http://www.vtm.com",
    "city": "Aurora",
    "state": "Illinois"
  },
  {
    "name": "MarshallGIS",
    "website": "http://www.precisemrm.com",
    "city": "Boise",
    "state": "Idaho"
  },
  {
    "name": "Nogalis, Inc.",
    "website": "http://www.nogalis.com",
    "city": "Newport Beach",
    "state": "California"
  },
  {
    "name": "Baker Cadence Solutions",
    "website": "http://www.bakercadence.com",
    "city": "Hollister",
    "state": "California"
  },
  {
    "name": "MetricNet, LLC",
    "website": "http://www.metricnet.com",
    "city": "Incline Village",
    "state": "Nevada"
  },
  {
    "name": "Perspectory",
    "website": "http://www.perspectory.com",
    "city": "Fremont",
    "state": "California"
  },
  {
    "name": "Epsilon Interactive",
    "website": "http://www.utvich.com",
    "city": "New York",
    "state": "New York"
  },
  {
    "name": "Virtual CTO ® Inc.",
    "website": "http://www.virtualcto.com",
    "city": "Glendale",
    "state": "California"
  },
  {
    "name": "Sactown POS/Workman Payment Systems",
    "website": "http://www.sactownpos.com",
    "city": "Sacramento",
    "state": "California"
  },
  {
    "name": "FileYourTaxes.com",
    "website": "http://www.fileyourtaxes.com",
    "city": "Oxnard",
    "state": "California"
  },
  {
    "name": "MicroWest Software Systems, Inc.",
    "website": "http://www.microwestsoftware.com",
    "city": "San Diego",
    "state": "California"
  },
  {
    "name": "Dynamics West",
    "website": "http://www.dynamicswest.com",
    "city": "Ojai",
    "state": "California"
  },
  {
    "name": "CSP Networks - Award-Winning IT Managed Service Provider",
    "website": "http://www.cspnetworks.com",
    "city": "Irvine",
    "state": "California"
  },
  {
    "name": "Home Medical Management (HMM)",
    "website": "http://www.hmmglobal.com",
    "city": "Madrid",
    "state": "Community of Madrid"
  },
  {
    "name": "SRP Computer Solutions, Inc.",
    "website": "http://www.srpcs.com",
    "city": "Placentia",
    "state": "California"
  },
  {
    "name": "Peripheral Resources, Inc.",
    "website": "http://www.peripheralresources.com",
    "city": "Los Angeles",
    "state": "California"
  },
  {
    "name": "Greenstone",
    "website": "http://www.greenstoneplus.com",
    "city": "London",
    "state": "England"
  },
  {
    "name": "Syntergy",
    "website": "http://www.syntergy.com",
    "city": "San Diego",
    "state": "California"
  },
  {
    "name": "PARS International Corp.",
    "website": "http://www.parsintl.com",
    "city": "New York",
    "state": "New York"
  },
  {
    "name": "Dpfe Corp",
    "website": "http://www.dpfecorp.com",
    "city": "La Crescenta-Montrose",
    "state": "California"
  },
  {
    "name": "Thinknicity",
    "website": "http://www.thinknicity.com",
    "city": "San Francisco",
    "state": "California"
  },
  {
    "name": "Integrity IT Solutions, Inc.",
    "website": "http://www.integrityitsolutions.com",
    "city": "Garden Grove",
    "state": "California"
  },
  {
    "name": "Defined Ventures, Inc.",
    "website": "http://www.dvi360.com",
    "city": "Thousand Oaks",
    "state": "California"
  },
  {
    "name": "Altamont Software",
    "website": "http://www.altamont.com",
    "city": "Pleasanton",
    "state": "California"
  },
  {
    "name": "Argus Consulting Group",
    "website": "http://www.arguscg.com",
    "city": "Pasadena",
    "state": "California"
  },
  {
    "name": "ArrowStream",
    "website": "http://www.arrowstream.com",
    "city": "Buffalo Grove",
    "state": "Illinois"
  },
  {
    "name": "Avantiico",
    "website": "http://www.avantiico.com",
    "city": "San Diego",
    "state": "California"
  },
  {
    "name": "Technology Force",
    "website": "http://www.technologyforce.com",
    "city": "Redondo Beach",
    "state": "California"
  },
  {
    "name": "XYPRO Technology",
    "website": "http://www.xypro.com",
    "city": "Simi Valley",
    "state": "California"
  },
  {
    "name": "Da Vinci",
    "website": "http://www.davincischools.org",
    "city": "Anaheim",
    "state": "California"
  },
  {
    "name": "Alternative Solutions, Inc. (ASI)",
    "website": "http://www.asiwi.com",
    "city": "Sheboygan Falls",
    "state": "Wisconsin"
  },
  {
    "name": "ENERGAIR",
    "website": "http://www.energair.com",
    "city": "El Segundo",
    "state": "California"
  },
  {
    "name": "Old Frog Ltd",
    "website": "http://www.oldfrog.com",
    "city": "Exeter",
    "state": "England"
  },
  {
    "name": "CFS Tax Software, Inc.",
    "website": "http://www.taxtools.com",
    "city": "Simi Valley",
    "state": "California"
  },
  {
    "name": "System Solutions",
    "website": "http://www.systemsolutions.com",
    "city": "Mamer",
    "state": "Luxembourg District"
  },
  {
    "name": "RB Data Services",
    "website": "http://www.rbdata.com",
    "city": "Redondo Beach",
    "state": "California"
  },
  {
    "name": "InformaTrac, Inc.",
    "website": "http://www.informatrac.com",
    "city": "Simi Valley",
    "state": "California"
  },
  {
    "name": "Predictive Technologies Inc. (PTi)",
    "website": "http://www.predictive-technologies.com",
    "city": "Rancho Santa Margarita",
    "state": "California"
  },
  {
    "name": "Lussier Data Architects, Inc.",
    "website": "http://www.lussierdata.com",
    "city": "San Francisco",
    "state": "California"
  },
  {
    "name": "MicroComp LLC",
    "website": "http://www.micro-comp.com",
    "city": "Glendale",
    "state": "California"
  },
  {
    "name": "Scalar Labs, Inc.",
    "website": "http://www.scalar-labs.com",
    "city": "San Francisco",
    "state": "California"
  },
  {
    "name": "INTEGRITYOne Partners",
    "website": "http://www.ionep.com",
    "city": "Reston",
    "state": "Virginia"
  },
  {
    "name": "Feedwire",
    "website": "http://www.feedwire.com",
    "city": "Culver City",
    "state": "California"
  },
  {
    "name": "ZL Tech",
    "website": "http://www.zlti.com",
    "city": "Milpitas",
    "state": "California"
  },
  {
    "name": "AV Planners",
    "website": "http://www.avplanners.com",
    "city": "Los Angeles",
    "state": "California"
  },
  {
    "name": "AtaiTec Corporation",
    "website": "http://www.ataitec.com",
    "city": "San Jose",
    "state": "California"
  },
  {
    "name": "RadiumSpark Inc",
    "website": "http://www.radiumspark.com",
    "city": "San Ramon",
    "state": "California"
  },
  {
    "name": "STS Innovation, Inc.",
    "website": "http://www.sts-innovation.com",
    "city": "Santa Clara",
    "state": "California"
  },
  {
    "name": "Computer and Software Professionals Inc.",
    "website": "http://www.csppr.com",
    "city": "",
    "state": ""
  },
  {
    "name": "LEXIM Global",
    "website": "http://www.lexim.net",
    "city": "Los Angeles",
    "state": "California"
  },
  {
    "name": "BayApps, Inc.",
    "website": "http://www.bayappsinc.com",
    "city": "Fremont",
    "state": "California"
  },
  {
    "name": "Linea Solutions",
    "website": "http://www.lineasolutions.com",
    "city": "Marina del Rey",
    "state": "California"
  },
  {
    "name": "Harold Wells Associates, Inc. dba HWA Power",
    "website": "http://www.hwapower.com",
    "city": "San Jose",
    "state": "California"
  },
  {
    "name": "Go2",
    "website": "http://www.go2.io",
    "city": "Philadelphia",
    "state": "Pennsylvania"
  },
  {
    "name": "Neocortex",
    "website": "http://www.neocortex.com",
    "city": "Fremont",
    "state": "California"
  },
  {
    "name": "Simtech Solutions Inc.",
    "website": "http://www.simtechsolutions.com",
    "city": "Canton",
    "state": "Massachusetts"
  },
  {
    "name": "Skillable",
    "website": "http://www.skillable.com",
    "city": "New Port Richey",
    "state": "Florida"
  },
  {
    "name": "Modern Home Systems",
    "website": "http://www.modernhomesystems.com",
    "city": "San Diego",
    "state": "California"
  },
  {
    "name": "FCI",
    "website": "http://www.fcicyber.com",
    "city": "Bloomfield",
    "state": "New Jersey"
  },
  {
    "name": "Special Tactics Solutions, Inc.",
    "website": "http://www.specialtacticssolutions.com",
    "city": "Henderson",
    "state": "Nevada"
  },
  {
    "name": "LEVERAGE Information Systems",
    "website": "http://www.leverageis.com",
    "city": "Woodinville",
    "state": "Washington"
  },
  {
    "name": "LinkEdge Technologies",
    "website": "http://www.linkedge.com",
    "city": "Los Angeles",
    "state": "California"
  },
  {
    "name": "Elephant Ventures, LLC.",
    "website": "http://www.elephantventures.com",
    "city": "New York",
    "state": "New York"
  },
  {
    "name": "Metal Toad",
    "website": "http://www.metaltoad.com",
    "city": "Portland",
    "state": "Oregon"
  },
  {
    "name": "CompuTech Support Services, Inc.",
    "website": "http://www.computechsos.com",
    "city": "Los Angeles",
    "state": "California"
  },
  {
    "name": "Tactical Engineering and Analysis, Inc.",
    "website": "http://www.tac-eng.com",
    "city": "San Diego",
    "state": "California"
  },
  {
    "name": "Medius",
    "website": "http://www.medius.com",
    "city": "",
    "state": "Ostergoetlands laen"
  },
  {
    "name": "Credo Technology Group, LLC",
    "website": "http://www.credocomputers.com",
    "city": "Sparks",
    "state": "Nevada"
  },
  {
    "name": "dmi NETWORKING, INC.",
    "website": "http://www.dminetworking.com",
    "city": "Santa Rosa",
    "state": "California"
  },
  {
    "name": "ProSolutions Software",
    "website": "http://www.prosolutionssoftware.com",
    "city": "Los Angeles",
    "state": "California"
  },
  {
    "name": "Signal Essence",
    "website": "http://www.signalessence.com",
    "city": "Mountain View",
    "state": "California"
  },
  {
    "name": "A-Z TECHS",
    "website": "http://www.a-ztechs.com",
    "city": "Orange",
    "state": "California"
  },
  {
    "name": "Sana Security",
    "website": "http://www.sanasecurity.com",
    "city": "Redwood City",
    "state": "California"
  },
  {
    "name": "Norcal Networks, Inc.",
    "website": "http://www.norcalnetworks.com",
    "city": "Santa Rosa",
    "state": "California"
  },
  {
    "name": "Webstract",
    "website": "http://www.webstract.com",
    "city": "Torrance",
    "state": "California"
  },
  {
    "name": "After Dark Grafx",
    "website": "http://www.afterdarkgrafx.com",
    "city": "San Diego",
    "state": "California"
  },
  {
    "name": "Compunet Technologies, Inc.",
    "website": "http://www.compunettechnologies.com",
    "city": "Rancho Santa Margarita",
    "state": "California"
  },
  {
    "name": "ERPVAR",
    "website": "http://www.erpvar.com",
    "city": "MONARCH BAY",
    "state": "California"
  },
  {
    "name": "Symbio",
    "website": "http://www.sym.bio",
    "city": "San Francisco",
    "state": "California"
  },
  {
    "name": "Trio Consulting Group",
    "website": "http://www.trioconsultinggroup.com",
    "city": "Roseville",
    "state": "California"
  },
  {
    "name": "Webgroup Media, LLC.",
    "website": "http://www.cerb.ai",
    "city": "Brea",
    "state": "California"
  },
  {
    "name": "SoftThinks",
    "website": "http://www.softthinks.com",
    "city": "Villeneuve-d'Ascq",
    "state": "Nord-Pas-de-Calais"
  },
  {
    "name": "ACG Technologies, Inc.",
    "website": "http://www.acgtechnologies.com",
    "city": "Rancho Santa Margarita",
    "state": "California"
  },
  {
    "name": "Virtual Consulting Inc",
    "website": "http://www.virtual-consulting.net",
    "city": "Los Angeles",
    "state": "California"
  },
  {
    "name": "reminderXchange",
    "website": "http://www.remxchange.com",
    "city": "Huntington Beach",
    "state": "California"
  },
  {
    "name": "Verus Technology Solutions, Inc.",
    "website": "http://www.verustechnology.com",
    "city": "San Rafael",
    "state": "California"
  },
  {
    "name": "Abacus IT, Inc.",
    "website": "http://www.abacusit.net",
    "city": "Los Angeles",
    "state": "California"
  },
  {
    "name": "5280 Solutions",
    "website": "http://www.5280solutions.com",
    "city": "Littleton",
    "state": "Colorado"
  },
  {
    "name": "IMRI",
    "website": "http://www.imri.com",
    "city": "Aliso Viejo",
    "state": "California"
  },
  {
    "name": "Intervals",
    "website": "http://www.myintervals.com",
    "city": "Santa Barbara",
    "state": "California"
  },
  {
    "name": "B Communications",
    "website": "http://www.bcommunications.com",
    "city": "Los Angeles",
    "state": "California"
  },
  {
    "name": "X-act Technology Solutions, Inc",
    "website": "http://www.xactts.com",
    "city": "Los Angeles",
    "state": "California"
  },
  {
    "name": "ASG",
    "website": "http://www.alpinesg.com",
    "city": "Walnut Creek",
    "state": "California"
  },
  {
    "name": "Ultimo Software Solutions Inc., San Jose CA",
    "website": "http://www.ultimosoft.com",
    "city": "San Jose",
    "state": "California"
  },
  {
    "name": "LGS, an IBM Company",
    "website": "http://www.lgs.com",
    "city": "",
    "state": "Quebec"
  },
  {
    "name": "Determine, a Corcentric Company",
    "website": "http://www.selectica.com",
    "city": "Cherry Hill",
    "state": "New Jersey"
  },
  {
    "name": "streamWrite Connect",
    "website": "http://www.streamwrite.com",
    "city": "Emeryville",
    "state": "California"
  },
  {
    "name": "Citycom Solutions",
    "website": "http://www.citycomsolutions.com",
    "city": "London",
    "state": "England"
  },
  {
    "name": "Vital Data Technology",
    "website": "http://www.vitaldatatechnology.com",
    "city": "Newport Beach",
    "state": "California"
  },
  {
    "name": "Emporix",
    "website": "http://www.emporix.com",
    "city": "Stuttgart",
    "state": "Baden-Wuerttemberg"
  },
  {
    "name": "SF AppWorks",
    "website": "http://www.sfappworks.com",
    "city": "San Francisco",
    "state": "California"
  },
  {
    "name": "Everflow - Partner Marketing Platform",
    "website": "http://www.everflow.io",
    "city": "Mountain View",
    "state": "California"
  },
  {
    "name": "First Sports",
    "website": "http://www.first-sports.com",
    "city": "Lyne",
    "state": "England"
  },
  {
    "name": "The Carrera Agency",
    "website": "http://www.thecarreraagency.com",
    "city": "Irvine",
    "state": "California"
  },
  {
    "name": "Peregrine Connect",
    "website": "http://www.peregrineconnect.com",
    "city": "Irvine",
    "state": "California"
  },
  {
    "name": "Pel",
    "website": "http://www.pelstudio.com",
    "city": "Los Angeles",
    "state": "California"
  },
  {
    "name": "530Digital.com",
    "website": "http://www.530digital.com",
    "city": "Anderson",
    "state": "California"
  },
  {
    "name": "Atidan Technologies",
    "website": "http://www.atidantech.com",
    "city": "Mumbai",
    "state": "Maharashtra"
  }
]